open_timestamp_utc,close_timestamp_utc,open,high,low,close,volume
1555689600,1555693199,0.001034,0.001034,0.001034,0.001034,100.0
1556650800,1556654399,0.000885,0.000887,0.000885,0.000885,2150.8
1556654400,1556657999,0.000887,0.000887,0.000884,0.000884,12.9
1556658000,1556661599,0.000885,0.000887,0.000885,0.000887,1005.6
1556661600,1556665199,0.000886,0.000902,0.000886,0.000902,192.2
1556665200,1556668799,0.000907,0.000907,0.000903,0.000907,107.6
1556668800,1556672399,0.000906,0.000906,0.000898,0.000898,112.6
1556672400,1556675999,0.000898,0.000899,0.000896,0.000896,390.1
1556676000,1556679599,0.000897,0.000897,0.000896,0.000896,603.6
1556679600,1556683199,0.000895,0.000895,0.000894,0.000894,3.9
1556683200,1556686799,0.000892,0.000892,0.00089,0.00089,1109.9
1556686800,1556690399,0.000891,0.000893,0.000891,0.000893,2813.1
1556690400,1556693999,0.00089,0.00089,0.000888,0.000888,60.0
1556697600,1556701199,0.000886,0.000886,0.000884,0.000884,239.6
1556701200,1556704799,0.000883,0.000884,0.000882,0.000884,139.3
1556708400,1556711999,0.000883,0.000883,0.000882,0.000882,319.8
1556712000,1556715599,0.000875,0.000878,0.000875,0.000878,282.4
1556715600,1556719199,0.000879,0.000879,0.000879,0.000879,280.0
1556719200,1556722799,0.000883,0.000883,0.000881,0.000881,2808.1
1556722800,1556726399,0.000881,0.000881,0.000881,0.000881,5494.0
1556726400,1556729999,0.000886,0.000886,0.000886,0.000886,1731.4
1556730000,1556733599,0.000887,0.000889,0.000887,0.000889,2001.0
1556737200,1556740799,0.000889,0.000889,0.000883,0.000883,97.2
1556740800,1556744399,0.00088,0.00088,0.00088,0.00088,5.1
1556748000,1556751599,0.00088,0.00088,0.00088,0.00088,201.8
1556751600,1556755199,0.000883,0.000883,0.000883,0.000883,45.0
1556755200,1556758799,0.000883,0.000883,0.00088,0.00088,35.0
1556758800,1556762399,0.00088,0.00088,0.000875,0.000875,372.5
1556762400,1556765999,0.000876,0.000876,0.000876,0.000876,2756.6
1556766000,1556769599,0.000879,0.000879,0.000879,0.000879,2747.0
1556769600,1556773199,0.00088,0.00088,0.00088,0.00088,226.7
1556784000,1556787599,0.000881,0.000881,0.000881,0.000881,0.1
1556787600,1556791199,0.000873,0.000873,0.000872,0.000872,473.5
1556794800,1556798399,0.000872,0.000872,0.000872,0.000872,100.1
1556798400,1556801999,0.00087,0.00087,0.000869,0.000869,224.5
1556802000,1556805599,0.000867,0.000867,0.000855,0.000859,3148.7
1556805600,1556809199,0.000862,0.000862,0.00086,0.00086,234.5
1556809200,1556812799,0.000861,0.000861,0.000858,0.000858,95.0
1556812800,1556816399,0.000858,0.00086,0.000857,0.000857,330.8
1556823600,1556827199,0.000857,0.000857,0.000857,0.000857,1.0
1556827200,1556830799,0.000866,0.000866,0.000866,0.000866,543.5
1556834400,1556837999,0.00087,0.00087,0.000868,0.000868,327.0
1556838000,1556841599,0.00087,0.000872,0.00087,0.000872,542.1
1556845200,1556848799,0.000869,0.000876,0.000869,0.000875,3587.7
1556848800,1556852399,0.000869,0.000869,0.000868,0.000868,145.9
1556852400,1556855999,0.000865,0.000865,0.000865,0.000865,0.5
1556856000,1556859599,0.000867,0.000867,0.000867,0.000867,13.0
1556859600,1556863199,0.000866,0.000866,0.000865,0.000865,710.2
1556863200,1556866799,0.000866,0.000866,0.000861,0.000864,4348.0
1556866800,1556870399,0.000862,0.000862,0.000853,0.000853,741.7
1556870400,1556873999,0.000853,0.000854,0.000836,0.000836,4238.9
1556874000,1556877599,0.00084,0.000891,0.00084,0.000879,3891.9
1556877600,1556881199,0.000881,0.000883,0.000875,0.000883,420.0
1556881200,1556884799,0.000882,0.000882,0.000882,0.000882,39.3
1556884800,1556888399,0.000877,0.000879,0.000877,0.000877,234.7
1556888400,1556891999,0.000875,0.000875,0.000875,0.000875,320.0
1556892000,1556895599,0.000874,0.000874,0.000873,0.000873,490.5
1556895600,1556899199,0.000871,0.000871,0.00087,0.00087,4851.9
1556899200,1556902799,0.00087,0.000871,0.00087,0.000871,45.8
1556910000,1556913599,0.000878,0.000878,0.000878,0.000878,8.3
1556913600,1556917199,0.000879,0.00088,0.000878,0.000878,706.2
1556917200,1556920799,0.000878,0.000878,0.000878,0.000878,280.0
1556928000,1556931599,0.000886,0.000893,0.000886,0.000886,950.3
1556931600,1556935199,0.000883,0.000883,0.00088,0.00088,799.7
1556935200,1556938799,0.000878,0.000878,0.000878,0.000878,11
1556938800,1556942399,0.000875,0.000875,0.000867,0.000867,305.4
1556942400,1556945999,0.000859,0.000859,0.000849,0.000849,4928.8
1556946000,1556949599,0.000856,0.000856,0.000852,0.000852,15.8
1556949600,1556953199,0.000849,0.000852,0.000849,0.00085,51.4
1556953200,1556956799,0.000853,0.000854,0.000852,0.000852,268.5
1556956800,1556960399,0.000848,0.000848,0.000848,0.000848,2
1556964000,1556967599,0.000849,0.000849,0.000849,0.000849,840
1556967600,1556971199,0.000848,0.000848,0.000846,0.000846,3973.1
1556971200,1556974799,0.000849,0.000849,0.000846,0.000847,1285
1556974800,1556978399,0.000846,0.000854,0.000842,0.000854,3835.9
1556978400,1556981999,0.000854,0.000857,0.000854,0.000857,165.3
1556982000,1556985599,0.000857,0.000858,0.000857,0.000858,64.9
1556989200,1556992799,0.00086,0.00086,0.000859,0.000859,52
1556992800,1556996399,0.000856,0.000856,0.000856,0.000856,387.7
1557003600,1557007199,0.000851,0.000851,0.000841,0.000841,128.6
1557010800,1557014399,0.000848,0.000851,0.000848,0.000851,103.7
1557014400,1557017999,0.000854,0.000855,0.000854,0.000854,79.9
1557018000,1557021599,0.000847,0.00085,0.000847,0.00085,13.9
1557039600,1557043199,0.000853,0.000853,0.000853,0.000853,261.3
1557043200,1557046799,0.00085,0.00085,0.00085,0.00085,45
1557046800,1557050399,0.000849,0.000849,0.000849,0.000849,9.1
1557050400,1557053999,0.000847,0.000847,0.000847,0.000847,19.8
1557054000,1557057599,0.000847,0.000847,0.000847,0.000847,9.9
1557061200,1557064799,0.000847,0.000847,0.000847,0.000847,12.2
1557064800,1557068399,0.000844,0.000844,0.000844,0.000844,280.1
1557068400,1557071999,0.000842,0.000847,0.000842,0.000847,3.1
1557072000,1557075599,0.000847,0.000847,0.000847,0.000847,28.6
1557079200,1557082799,0.000849,0.000849,0.000849,0.000849,17.6
1557082800,1557086399,0.000846,0.00085,0.000846,0.00085,391.4
1557086400,1557089999,0.00085,0.00085,0.00085,0.00085,17.6
1557090000,1557093599,0.000844,0.000844,0.000844,0.000844,22.1
1557093600,1557097199,0.000843,0.000843,0.000843,0.000843,1.9
1557100800,1557104399,0.000839,0.000839,0.000824,0.000826,3169.2
1557104400,1557107999,0.000829,0.000835,0.000829,0.000835,125.8
1557111600,1557115199,0.000836,0.000836,0.000836,0.000836,1200
1557122400,1557125999,0.000824,0.000824,0.000824,0.000824,20.8
1557126000,1557129599,0.000827,0.000827,0.000827,0.000827,86
1557133200,1557136799,0.00083,0.000836,0.00083,0.000835,94
1557140400,1557143999,0.000832,0.000838,0.000832,0.000838,85
1557144000,1557147599,0.000835,0.000835,0.000835,0.000835,189.7
1557151200,1557154799,0.000834,0.000842,0.000834,0.000842,345.2
1557154800,1557158399,0.000839,0.00084,0.000839,0.00084,105
1557158400,1557161999,0.00085,0.000857,0.00085,0.000857,305.5
1557162000,1557165599,0.000857,0.000857,0.000856,0.000856,21.9
1557165600,1557169199,0.000856,0.000856,0.000855,0.000855,586
1557169200,1557172799,0.000852,0.000852,0.000852,0.000852,43
1557172800,1557176399,0.000854,0.000857,0.000854,0.000857,52
1557176400,1557179999,0.00086,0.000865,0.00086,0.000864,717.2
1557180000,1557183599,0.000862,0.000862,0.000859,0.000859,315.9
1557183600,1557187199,0.000857,0.000857,0.000854,0.000854,1430
1557187200,1557190799,0.000854,0.000862,0.000854,0.000862,152.6
1557190800,1557194399,0.000863,0.000863,0.000863,0.000863,12
1557194400,1557197999,0.000859,0.000859,0.000854,0.000854,251
1557198000,1557201599,0.000842,0.000843,0.000838,0.000838,2264.5
1557205200,1557208799,0.000835,0.000835,0.000835,0.000835,280
1557212400,1557215999,0.000835,0.000835,0.000835,0.000835,6.1
1557219600,1557223199,0.000836,0.000837,0.00083,0.00083,166.8
1557226800,1557230399,0.000831,0.000831,0.000831,0.000831,45
1557234000,1557237599,0.000832,0.000834,0.000832,0.000834,375.6
1557237600,1557241199,0.000836,0.000839,0.000822,0.000822,1094
1557241200,1557244799,0.000822,0.000822,0.000817,0.000817,52.5
1557244800,1557248399,0.00082,0.000821,0.00082,0.000821,316.5
1557252000,1557255599,0.000824,0.000824,0.000822,0.000822,406
1557255600,1557259199,0.000822,0.000826,0.000822,0.000826,178.6
1557259200,1557262799,0.000824,0.000824,0.000824,0.000824,55.3
1557270000,1557273599,0.000826,0.000829,0.000826,0.000829,182.6
1557273600,1557277199,0.000834,0.000834,0.000819,0.000819,2074.9
1557277200,1557280799,0.000817,0.000817,0.000817,0.000817,10.2
1557280800,1557284399,0.000827,0.000829,0.000827,0.000829,128.3
1557284400,1557287999,0.000827,0.000827,0.000827,0.000827,24.1
1557288000,1557291599,0.000827,0.000835,0.000826,0.000835,82.3
1557291600,1557295199,0.000834,0.000834,0.000834,0.000834,55
1557295200,1557298799,0.000831,0.000831,0.000831,0.000831,5
1557302400,1557305999,0.000827,0.000831,0.000827,0.00083,79.7
1557306000,1557309599,0.000831,0.000831,0.000831,0.000831,88
1557309600,1557313199,0.000831,0.000831,0.00083,0.000831,405.5
1557313200,1557316799,0.000831,0.000831,0.000831,0.000831,19.3
1557316800,1557320399,0.000827,0.000827,0.000826,0.000826,174.1
1557324000,1557327599,0.000826,0.000826,0.000825,0.000825,156
1557327600,1557331199,0.000827,0.000827,0.000825,0.000825,4
1557331200,1557334799,0.000825,0.000825,0.000824,0.000824,51
1557334800,1557338399,0.000824,0.000826,0.000824,0.000824,884.3
1557338400,1557341999,0.000822,0.000822,0.000819,0.000819,130.8
1557342000,1557345599,0.000817,0.00082,0.000817,0.000818,642.1
1557356400,1557359999,0.000818,0.000823,0.000818,0.000818,1081
1557360000,1557363599,0.000818,0.000818,0.000813,0.000816,2430.6
1557363600,1557367199,0.000817,0.000818,0.000814,0.000817,1147.1
1557370800,1557374399,0.000812,0.000814,0.000812,0.000814,1220
1557374400,1557377999,0.000814,0.000815,0.000811,0.000811,1814.6
1557378000,1557381599,0.000811,0.000811,0.000804,0.000805,1913
1557381600,1557385199,0.000805,0.000805,0.000802,0.000802,453.7
1557385200,1557388799,0.000801,0.000801,0.000801,0.000801,80.3
1557388800,1557392399,0.000804,0.000804,0.000803,0.000804,1239.9
1557392400,1557395999,0.000803,0.000803,0.000803,0.000803,31.6
1557396000,1557399599,0.000802,0.000802,0.000798,0.000798,561.2
1557399600,1557403199,0.000799,0.000799,0.000798,0.000798,62.4
1557403200,1557406799,0.000799,0.000799,0.000795,0.000795,3198.6
1557410400,1557413999,0.000799,0.000799,0.000798,0.000798,294
1557414000,1557417599,0.000798,0.000798,0.000798,0.000798,59.6
1557417600,1557421199,0.000797,0.000797,0.000797,0.000797,41
1557421200,1557424799,0.000793,0.000793,0.000787,0.000787,212.2
1557424800,1557428399,0.000786,0.000787,0.000785,0.000786,1533.7
1557432000,1557435599,0.000785,0.000787,0.000785,0.000786,3865
1557435600,1557439199,0.000787,0.000788,0.000787,0.000788,3934.1
1557439200,1557442799,0.000786,0.000786,0.000778,0.000778,521.8
1557442800,1557446399,0.000781,0.000785,0.000781,0.000784,4077.5
1557446400,1557449999,0.000782,0.000782,0.000754,0.000755,1132.9
1557450000,1557453599,0.000755,0.00076,0.000743,0.000758,3741.5
1557453600,1557457199,0.00076,0.000762,0.00076,0.000762,1114.5
1557457200,1557460799,0.000754,0.000754,0.000746,0.000746,378.4
1557460800,1557464399,0.000746,0.00079,0.000746,0.000779,17872
1557464400,1557467999,0.000777,0.000777,0.000777,0.000777,235.1
1557468000,1557471599,0.000778,0.000779,0.000778,0.000778,292.9
1557471600,1557475199,0.000776,0.000776,0.000768,0.000768,865.6
1557475200,1557478799,0.00077,0.00077,0.00077,0.00077,1040
1557478800,1557482399,0.000766,0.000766,0.000765,0.000766,100.9
1557482400,1557485999,0.000766,0.000767,0.000766,0.000766,137.3
1557486000,1557489599,0.000766,0.000766,0.000763,0.000765,93.2
1557489600,1557493199,0.000764,0.000766,0.000764,0.000766,1329
1557493200,1557496799,0.000763,0.000763,0.000763,0.000763,994.9
1557496800,1557500399,0.000765,0.000765,0.000763,0.000763,222
1557500400,1557503999,0.00076,0.00076,0.000758,0.00076,606.2
1557504000,1557507599,0.00076,0.00076,0.00075,0.00075,248.1
1557507600,1557511199,0.000748,0.000754,0.000748,0.000754,94.4
1557511200,1557514799,0.000754,0.000756,0.000752,0.000752,144.3
1557514800,1557518399,0.000752,0.000754,0.000752,0.000754,653.4
1557518400,1557521999,0.000755,0.000769,0.000755,0.000767,383
1557522000,1557525599,0.000767,0.000767,0.000759,0.00076,165
1557525600,1557529199,0.000759,0.000759,0.000759,0.000759,200
1557536400,1557539999,0.000757,0.000757,0.000755,0.000755,50.5
1557540000,1557543599,0.000749,0.000753,0.000749,0.000753,31.4
1557543600,1557547199,0.000747,0.000747,0.000747,0.000747,0.7
1557547200,1557550799,0.000745,0.000745,0.000724,0.000724,12036.8
1557550800,1557554399,0.000727,0.000737,0.000727,0.000737,1746.5
1557554400,1557557999,0.000726,0.000727,0.000713,0.000722,2997.5
1557558000,1557561599,0.000723,0.000726,0.000722,0.000726,398.3
1557561600,1557565199,0.00073,0.000767,0.00073,0.000767,3410.9
1557565200,1557568799,0.000767,0.000774,0.000766,0.000774,574.1
1557568800,1557572399,0.000779,0.000794,0.000779,0.000789,2252.3
1557572400,1557575999,0.00078,0.000788,0.00078,0.000781,652
1557576000,1557579599,0.000779,0.000783,0.000779,0.000783,1929.8
1557579600,1557583199,0.000784,0.000785,0.000781,0.000781,1292.2
1557583200,1557586799,0.000779,0.000782,0.000778,0.000782,1143.3
1557586800,1557590399,0.000782,0.000785,0.000781,0.000781,1548.6
1557590400,1557593999,0.000776,0.000777,0.000772,0.000777,2410.1
1557594000,1557597599,0.000782,0.000808,0.000782,0.000806,1550.5
1557597600,1557601199,0.000809,0.000812,0.000799,0.000805,865.3
1557601200,1557604799,0.000802,0.000802,0.000793,0.000793,84.6
1557604800,1557608399,0.000795,0.000799,0.000795,0.000797,173.4
1557608400,1557611999,0.000801,0.000804,0.0008,0.000804,1546.8
1557612000,1557615599,0.000802,0.000802,0.000771,0.000776,3620.3
1557615600,1557619199,0.000777,0.000787,0.000758,0.000767,5639.2
1557619200,1557622799,0.000769,0.00078,0.000769,0.000776,3692.2
1557622800,1557626399,0.000776,0.000779,0.000774,0.000777,1917.4
1557630000,1557633599,0.000771,0.000775,0.000771,0.000775,525
1557633600,1557637199,0.000777,0.000778,0.000777,0.000778,111
1557637200,1557640799,0.000778,0.000778,0.000778,0.000778,0.6
1557640800,1557644399,0.000769,0.000769,0.000769,0.000769,19.4
1557644400,1557647999,0.000766,0.000766,0.000763,0.000763,261.7
1557648000,1557651599,0.000762,0.000764,0.00075,0.000753,9648
1557651600,1557655199,0.000751,0.000758,0.000747,0.000758,4835.6
1557655200,1557658799,0.000752,0.000752,0.000738,0.000742,1443.5
1557658800,1557662399,0.00074,0.000762,0.00074,0.000757,3227.2
1557662400,1557665999,0.000756,0.000756,0.000756,0.000756,42.4
1557666000,1557669599,0.000756,0.000756,0.000753,0.000755,1144.6
1557669600,1557673199,0.00076,0.000763,0.00076,0.000763,3274.1
1557673200,1557676799,0.000761,0.00077,0.000759,0.00077,1903.7
1557676800,1557680399,0.000766,0.00077,0.000765,0.000767,1173
1557680400,1557683999,0.000766,0.000768,0.000764,0.000766,460.2
1557684000,1557687599,0.000761,0.000761,0.000755,0.000755,13.8
1557687600,1557691199,0.00076,0.00076,0.00076,0.00076,500
1557694800,1557698399,0.000752,0.00076,0.000751,0.000758,2316.3
1557698400,1557701999,0.000761,0.000769,0.00076,0.000769,963.7
1557702000,1557705599,0.000772,0.000772,0.000765,0.000766,121
1557705600,1557709199,0.000768,0.000772,0.000768,0.000771,228.2
1557709200,1557712799,0.000768,0.000768,0.000767,0.000767,496.6
1557712800,1557716399,0.000769,0.000769,0.000768,0.000768,1500
1557716400,1557719999,0.000767,0.000767,0.000767,0.000767,1000
1557720000,1557723599,0.000764,0.000766,0.000764,0.000766,371.7
1557723600,1557727199,0.000761,0.000762,0.000759,0.000762,798.8
1557727200,1557730799,0.000764,0.000764,0.000762,0.000762,335
1557730800,1557734399,0.000762,0.000762,0.000759,0.000759,304.1
1557734400,1557737999,0.000758,0.000758,0.000758,0.000758,129.8
1557738000,1557741599,0.000757,0.000757,0.000756,0.000756,140.9
1557741600,1557745199,0.000755,0.000757,0.000755,0.000757,104.3
1557745200,1557748799,0.000756,0.000756,0.000744,0.000745,9898.6
1557748800,1557752399,0.000746,0.000749,0.000744,0.000747,3897.7
1557752400,1557755999,0.000743,0.000743,0.00074,0.00074,2609.2
1557756000,1557759599,0.00074,0.000742,0.000734,0.000735,2401
1557759600,1557763199,0.000734,0.000734,0.000708,0.000728,13601.5
1557763200,1557766799,0.000729,0.000733,0.000727,0.000727,30895.2
1557766800,1557770399,0.000724,0.000725,0.000721,0.000723,7073.2
1557770400,1557773999,0.000725,0.000725,0.000721,0.000721,818.3
1557774000,1557777599,0.000725,0.000725,0.000719,0.00072,654.1
1557777600,1557781199,0.000719,0.000722,0.000717,0.000722,1121.1
1557781200,1557784799,0.000715,0.000717,0.000706,0.000709,1887.7
1557784800,1557788399,0.000706,0.000717,0.000699,0.000703,2194.5
1557788400,1557791999,0.000705,0.000714,0.000705,0.000708,6507.3
1557792000,1557795599,0.000708,0.000708,0.000704,0.000704,771.2
1557795600,1557799199,0.000705,0.000707,0.000701,0.000707,2557.4
1557799200,1557802799,0.000713,0.000748,0.000713,0.000744,25191.7
1557802800,1557806399,0.000746,0.000753,0.000741,0.000743,1141.5
1557806400,1557809999,0.000742,0.00076,0.000739,0.00076,12619.5
1557810000,1557813599,0.000766,0.000774,0.000756,0.00076,10186.7
1557813600,1557817199,0.000763,0.000769,0.000762,0.000762,1508.2
1557817200,1557820799,0.000751,0.000756,0.000745,0.000745,285.8
1557820800,1557824399,0.000744,0.000744,0.000722,0.000727,3932.7
1557824400,1557827999,0.000728,0.000731,0.000727,0.000731,1300.7
1557828000,1557831599,0.00073,0.00073,0.000719,0.000723,1441.3
1557831600,1557835199,0.000722,0.000722,0.00072,0.00072,68.6
1557835200,1557838799,0.000722,0.000732,0.000722,0.000729,183.9
1557838800,1557842399,0.000726,0.000726,0.000721,0.000721,527.9
1557842400,1557845999,0.000725,0.000728,0.000721,0.000726,435.2
1557846000,1557849599,0.000726,0.000728,0.000721,0.000723,1495.5
1557849600,1557853199,0.000722,0.000731,0.000721,0.000731,3085.5
1557853200,1557856799,0.000731,0.000733,0.000729,0.000729,489.2
1557856800,1557860399,0.000731,0.00074,0.000731,0.00074,991.7
1557860400,1557863999,0.000741,0.000747,0.000741,0.000746,1790
1557864000,1557867599,0.000741,0.000754,0.000741,0.000753,1039.3
1557867600,1557871199,0.000755,0.000755,0.000748,0.000748,271.9
1557871200,1557874799,0.000745,0.000751,0.00074,0.000748,551.1
1557874800,1557878399,0.000755,0.000763,0.000755,0.000755,727
1557878400,1557881999,0.000756,0.000758,0.000752,0.000757,495.4
1557882000,1557885599,0.00076,0.000762,0.000759,0.000759,1465.4
1557885600,1557889199,0.000759,0.000759,0.000759,0.000759,1186.7
1557889200,1557892799,0.000756,0.000771,0.000756,0.000769,1444.9
1557892800,1557896399,0.000766,0.000775,0.000766,0.000774,147.1
1557896400,1557899999,0.000773,0.000783,0.000772,0.000782,1429.9
1557900000,1557903599,0.000786,0.000787,0.000777,0.000777,1486.4
1557903600,1557907199,0.000767,0.000769,0.000764,0.000769,210.3
1557907200,1557910799,0.000768,0.000772,0.000768,0.000772,302.9
1557910800,1557914399,0.00077,0.000776,0.00077,0.000773,978.8
1557914400,1557917999,0.000772,0.000772,0.000759,0.000759,362.6
1557918000,1557921599,0.000761,0.000765,0.00076,0.000764,688.8
1557921600,1557925199,0.000766,0.000769,0.000763,0.000765,423.1
1557925200,1557928799,0.000769,0.000773,0.000767,0.000773,2588.3
1557928800,1557932399,0.000773,0.000773,0.000768,0.00077,399.2
1557932400,1557935999,0.000769,0.000776,0.000769,0.000776,815.5
1557936000,1557939599,0.000782,0.000797,0.000781,0.000797,28303.8
1557939600,1557943199,0.000797,0.0008,0.000795,0.000795,6539.4
1557943200,1557946799,0.000787,0.000788,0.00077,0.00077,3969.1
1557946800,1557950399,0.000768,0.000778,0.000768,0.000778,1382.1
1557950400,1557953999,0.000777,0.000777,0.000772,0.000776,1023
1557954000,1557957599,0.000773,0.000788,0.000773,0.000788,275.2
1557957600,1557961199,0.000788,0.000789,0.000788,0.000789,414.3
1557961200,1557964799,0.000797,0.0008,0.000788,0.000792,1820.4
1557964800,1557968399,0.000792,0.000809,0.000792,0.000809,4295.5
1557968400,1557971999,0.000803,0.000828,0.000803,0.000828,806
1557972000,1557975599,0.000828,0.00083,0.00082,0.000829,379.3
1557975600,1557979199,0.000826,0.000826,0.000812,0.000817,1433.3
1557979200,1557982799,0.000818,0.000825,0.000815,0.000819,7051.1
1557982800,1557986399,0.000824,0.000827,0.000823,0.000823,1137
1557986400,1557989999,0.000826,0.000834,0.000825,0.000833,1446.8
1557990000,1557993599,0.000832,0.000832,0.000823,0.000825,1642.5
1557993600,1557997199,0.000826,0.000827,0.000824,0.000827,41.4
1557997200,1558000799,0.000822,0.000822,0.000811,0.000812,1126.7
1558000800,1558004399,0.000811,0.000814,0.0008,0.000811,2636.9
1558004400,1558007999,0.000816,0.000816,0.000813,0.000813,299
1558008000,1558011599,0.000811,0.000814,0.00081,0.00081,3267.7
1558011600,1558015199,0.000812,0.000817,0.000812,0.000817,580.8
1558015200,1558018799,0.000825,0.000825,0.000823,0.000823,190.9
1558018800,1558022399,0.000828,0.000839,0.000824,0.000838,1264.1
1558022400,1558025999,0.000838,0.000842,0.000829,0.000831,1447.5
1558026000,1558029599,0.000827,0.000828,0.000812,0.000812,2224.2
1558029600,1558033199,0.00082,0.000821,0.00082,0.000821,166.2
1558033200,1558036799,0.000819,0.000827,0.000816,0.000827,505.4
1558036800,1558040399,0.000833,0.00084,0.000828,0.000828,189.9
1558040400,1558043999,0.000823,0.000836,0.000823,0.000833,509
1558044000,1558047599,0.000835,0.000835,0.000821,0.000821,331.6
1558047600,1558051199,0.000823,0.000827,0.000823,0.000827,105.0
1558051200,1558054799,0.000824,0.000828,0.000823,0.000823,112.1
1558054800,1558058399,0.000821,0.000821,0.000811,0.000819,5866.3
1558058400,1558061999,0.000817,0.000817,0.000803,0.000817,6688.2
1558062000,1558065599,0.000817,0.000857,0.000816,0.000818,33537.7
1558065600,1558069199,0.000817,0.000824,0.000817,0.000819,2483.1
1558069200,1558072799,0.000818,0.000824,0.000818,0.000821,2341.8
1558072800,1558076399,0.000817,0.000817,0.000813,0.000814,1227.0
1558076400,1558079999,0.000814,0.000819,0.000812,0.000818,946.9
1558080000,1558083599,0.000821,0.000825,0.000821,0.000824,4084.2
1558083600,1558087199,0.000821,0.000823,0.000821,0.000823,60.2
1558087200,1558090799,0.000822,0.000822,0.000814,0.000814,312.7
1558090800,1558094399,0.000813,0.000814,0.000809,0.000814,1011.4
1558094400,1558097999,0.000819,0.000837,0.000819,0.000835,6133.5
1558098000,1558101599,0.000833,0.000833,0.000827,0.000827,2287.6
1558101600,1558105199,0.000826,0.000826,0.000821,0.000822,66.9
1558105200,1558108799,0.000822,0.000822,0.000818,0.000819,883.1
1558108800,1558112399,0.000819,0.000825,0.000819,0.000825,839.4
1558112400,1558115999,0.000824,0.000824,0.000821,0.000821,530.4
1558116000,1558119599,0.000821,0.000821,0.00082,0.00082,33.1
1558119600,1558123199,0.000823,0.000823,0.000819,0.000819,662.2
1558123200,1558126799,0.00082,0.000826,0.000817,0.000823,153.0
1558126800,1558130399,0.000819,0.000823,0.000816,0.000823,2301.8
1558130400,1558133999,0.000823,0.000826,0.000818,0.000824,853.2
1558134000,1558137599,0.000821,0.000822,0.000818,0.000821,56.4
1558137600,1558141199,0.000821,0.000821,0.000817,0.000817,103.1
1558141200,1558144799,0.000818,0.000819,0.000814,0.000815,1368.8
1558144800,1558148399,0.000814,0.000817,0.000813,0.000817,28.6
1558148400,1558151999,0.000819,0.000821,0.000817,0.000817,4648.6
1558152000,1558155599,0.000816,0.000817,0.000811,0.000811,339.0
1558155600,1558159199,0.000811,0.000813,0.000808,0.000809,1270.5
1558159200,1558162799,0.000809,0.000811,0.000808,0.00081,311.2
1558162800,1558166399,0.000811,0.000811,0.000806,0.00081,2349.2
1558166400,1558169999,0.000809,0.000812,0.000806,0.000809,125.0
1558170000,1558173599,0.000812,0.000812,0.000807,0.000807,2515.5
1558173600,1558177199,0.000807,0.000814,0.000807,0.000811,52.8
1558177200,1558180799,0.00081,0.000811,0.000808,0.000808,300.7
1558180800,1558184399,0.000806,0.000808,0.000805,0.000807,380.3
1558184400,1558187999,0.000807,0.00081,0.000806,0.00081,68.8
1558188000,1558191599,0.00081,0.00081,0.000806,0.000808,67.5
1558191600,1558195199,0.000809,0.000811,0.000806,0.00081,66.1
1558195200,1558198799,0.000809,0.00081,0.000808,0.000809,115.6
1558198800,1558202399,0.000812,0.000815,0.000812,0.000812,312.1
1558202400,1558205999,0.000811,0.000811,0.00081,0.00081,1.2
1558206000,1558209599,0.000811,0.000813,0.000811,0.000813,130.3
1558209600,1558213199,0.000812,0.000813,0.000811,0.000811,2124.0
1558213200,1558216799,0.000812,0.000812,0.00081,0.00081,2.4
1558216800,1558220399,0.00081,0.000811,0.00081,0.000811,0.2
1558220400,1558223999,0.000811,0.000811,0.000808,0.000808,599.4
1558227600,1558231199,0.000811,0.000811,0.000799,0.000799,1778.7
1558231200,1558234799,0.000793,0.000801,0.000792,0.000794,352.7
1558234800,1558238399,0.000795,0.000795,0.000789,0.000789,1230.1
1558238400,1558241999,0.000789,0.000793,0.000789,0.000789,987.0
1558242000,1558245599,0.000789,0.00079,0.000787,0.000789,713.0
1558245600,1558249199,0.000789,0.000789,0.000787,0.000788,771.2
1558249200,1558252799,0.000788,0.000797,0.000787,0.000797,2367.7
1558252800,1558256399,0.000797,0.000797,0.000792,0.000792,448.0
1558256400,1558259999,0.000791,0.000793,0.000788,0.00079,686.4
1558260000,1558263599,0.000791,0.000791,0.000786,0.000791,4491.8
1558263600,1558267199,0.000789,0.00079,0.000786,0.000786,371.7
1558267200,1558270799,0.000786,0.000798,0.000785,0.000791,1051.8
1558270800,1558274399,0.000792,0.000793,0.000788,0.000793,2314.9
1558274400,1558277999,0.000793,0.000794,0.000792,0.000794,25.1
1558278000,1558281599,0.000794,0.000794,0.00079,0.00079,19.4
1558281600,1558285199,0.000793,0.000794,0.000791,0.000793,730.5
1558285200,1558288799,0.000793,0.000794,0.000793,0.000794,492.4
1558288800,1558292399,0.000794,0.000794,0.00079,0.000791,370.9
1558292400,1558295999,0.00079,0.000799,0.000789,0.000799,424.0
1558296000,1558299599,0.000795,0.000795,0.000795,0.000795,4.3
1558299600,1558303199,0.000795,0.000797,0.000794,0.000794,8.7
1558303200,1558306799,0.000796,0.0008,0.000792,0.0008,2326.8
1558306800,1558310399,0.000802,0.000802,0.00079,0.000794,1077.7
1558310400,1558313999,0.00079,0.000795,0.00079,0.000793,1501.3
1558314000,1558317599,0.000795,0.000796,0.000791,0.000795,958.3
1558317600,1558321199,0.000797,0.000797,0.000792,0.000792,110.9
1558321200,1558324799,0.000792,0.000792,0.000789,0.000789,795.8
1558324800,1558328399,0.000788,0.000791,0.000785,0.000789,266.6
1558328400,1558331999,0.000788,0.000788,0.000787,0.000787,149.2
1558332000,1558335599,0.000787,0.000789,0.000783,0.000785,2695.8
1558335600,1558339199,0.000786,0.000788,0.000782,0.000787,847.9
1558339200,1558342799,0.000788,0.000791,0.000787,0.00079,273.3
1558346400,1558349999,0.000792,0.000794,0.000788,0.000791,836.1
1558350000,1558353599,0.000789,0.00079,0.000787,0.00079,597.5
1558353600,1558357199,0.000788,0.000792,0.000786,0.000788,2269.1
1558357200,1558360799,0.000788,0.000793,0.000787,0.000793,281.4
1558360800,1558364399,0.000789,0.000792,0.000788,0.000789,180.6
1558364400,1558367999,0.00079,0.00079,0.000786,0.000786,183.2
1558368000,1558371599,0.000785,0.000789,0.000785,0.000789,50.5
1558371600,1558375199,0.000789,0.000797,0.000789,0.000797,432.5
1558375200,1558378799,0.000795,0.000802,0.000795,0.0008,4486.9
1558378800,1558382399,0.000797,0.000799,0.000795,0.000797,299.6
1558382400,1558385999,0.000795,0.000795,0.000788,0.000788,164.0
1558386000,1558389599,0.000786,0.000786,0.000781,0.000781,194.0
1558389600,1558393199,0.00078,0.000789,0.000779,0.000786,2126.3
1558393200,1558396799,0.000784,0.000784,0.000783,0.000783,131.1
1558396800,1558400399,0.000788,0.000789,0.000787,0.000787,114.9
1558400400,1558403999,0.000789,0.000791,0.000788,0.000789,337.4
1558404000,1558407599,0.00079,0.000792,0.000786,0.000786,193.5
1558407600,1558411199,0.000788,0.000788,0.000785,0.000785,45.6
1558411200,1558414799,0.000783,0.000784,0.000781,0.000784,60.5
1558414800,1558418399,0.000783,0.000783,0.000783,0.000783,148.6
1558418400,1558421999,0.000784,0.000787,0.000784,0.000787,291.2
1558422000,1558425599,0.000788,0.000788,0.000785,0.000786,31.8
1558429200,1558432799,0.000795,0.000796,0.000793,0.000793,1204.0
1558432800,1558436399,0.000794,0.000794,0.000785,0.000789,1694.8
1558436400,1558439999,0.000789,0.000794,0.000788,0.000792,1068.1
1558440000,1558443599,0.00079,0.000794,0.00079,0.000794,337.3
1558443600,1558447199,0.000797,0.000798,0.00079,0.00079,726.2
1558447200,1558450799,0.00079,0.000791,0.000787,0.000791,426.7
1558450800,1558454399,0.000791,0.000791,0.000789,0.00079,1289.8
1558454400,1558457999,0.000791,0.000793,0.000791,0.000793,809.9
1558458000,1558461599,0.000793,0.000794,0.000791,0.000791,701.5
1558461600,1558465199,0.00079,0.000793,0.000788,0.000793,29.1
1558465200,1558468799,0.000792,0.000794,0.000791,0.000791,1034.3
1558468800,1558472399,0.000792,0.000792,0.000788,0.000788,1072.3
1558472400,1558475999,0.000787,0.000791,0.000787,0.000791,261.9
1558476000,1558479599,0.000792,0.000792,0.000789,0.00079,566.6
1558479600,1558483199,0.000791,0.000791,0.000789,0.000789,12.1
1558483200,1558486799,0.00079,0.000793,0.00079,0.000793,505.5
1558486800,1558490399,0.000793,0.000793,0.000787,0.000787,721.4
1558490400,1558493999,0.00079,0.00079,0.00079,0.00079,2.7
1558494000,1558497599,0.000792,0.000792,0.00079,0.00079,3.1
1558497600,1558501199,0.000792,0.000793,0.000792,0.000793,8.7
1558504800,1558508399,0.000794,0.000794,0.000792,0.000792,14.4
1558512000,1558515599,0.000792,0.000792,0.00079,0.00079,61.4
1558515600,1558519199,0.00079,0.000791,0.00079,0.00079,141.9
1558522800,1558526399,0.000793,0.000793,0.000789,0.000789,213.1
1558526400,1558529999,0.000792,0.000792,0.000789,0.000792,202.3
1558530000,1558533599,0.000792,0.000792,0.00079,0.00079,155.0
1558533600,1558537199,0.000791,0.000791,0.000789,0.000789,5.4
1558537200,1558540799,0.000788,0.000795,0.000786,0.000791,6919.5
1558540800,1558544399,0.000791,0.000793,0.00079,0.000791,364.9
1558544400,1558547999,0.00079,0.000791,0.000788,0.00079,60.6
1558548000,1558551599,0.000789,0.000789,0.000789,0.000789,183.5
1558551600,1558555199,0.000791,0.000791,0.000781,0.000781,521.6
1558555200,1558558799,0.000783,0.000783,0.000752,0.000766,13026.8
1558558800,1558562399,0.000767,0.000771,0.00076,0.000767,406.4
1558562400,1558565999,0.000769,0.000776,0.000768,0.000773,939.6
1558566000,1558569599,0.000776,0.000781,0.000774,0.000774,233.8
1558569600,1558573199,0.000775,0.000775,0.000775,0.000775,45
1558573200,1558576799,0.000776,0.000778,0.000776,0.000777,284.3
1558576800,1558580399,0.000774,0.000775,0.000774,0.000775,1.3
1558580400,1558583999,0.000775,0.000775,0.000775,0.000775,1000.0
1558587600,1558591199,0.000773,0.000773,0.000771,0.000771,7.5
1558591200,1558594799,0.000766,0.000768,0.000766,0.000768,43.1
1558594800,1558598399,0.000766,0.000766,0.000764,0.000764,774.0
1558598400,1558601999,0.000762,0.000766,0.000762,0.000766,55.4
1558602000,1558605599,0.000766,0.000772,0.000766,0.000771,1753.2
1558605600,1558609199,0.000771,0.000772,0.000769,0.00077,214.6
1558612800,1558616399,0.000768,0.000769,0.000768,0.000769,3.0
1558616400,1558619999,0.000769,0.000769,0.000767,0.000768,259.9
1558620000,1558623599,0.000768,0.000768,0.000765,0.000765,52.3
1558623600,1558627199,0.000765,0.000765,0.000761,0.000762,292.8
1558627200,1558630799,0.000761,0.000762,0.00076,0.000761,980.6
1558630800,1558634399,0.000763,0.000763,0.000756,0.000756,706.4
1558634400,1558637999,0.000757,0.00076,0.000757,0.000759,265.5
1558638000,1558641599,0.000759,0.000759,0.000756,0.000756,13.2
1558641600,1558645199,0.000759,0.00076,0.000759,0.000759,299.1
1558645200,1558648799,0.00076,0.00076,0.000757,0.000757,679.6
1558648800,1558652399,0.00076,0.000769,0.000757,0.000768,649.7
1558652400,1558655999,0.000764,0.000767,0.000764,0.000767,185.1
1558656000,1558659599,0.000768,0.00077,0.000768,0.00077,1432.3
1558659600,1558663199,0.000769,0.000769,0.000767,0.000768,115.9
1558663200,1558666799,0.000769,0.000769,0.000767,0.000767,27.3
1558666800,1558670399,0.000768,0.000768,0.000767,0.000768,17.2
1558670400,1558673999,0.000771,0.000771,0.000771,0.000771,55.5
1558674000,1558677599,0.000771,0.000771,0.000767,0.000767,62.9
1558677600,1558681199,0.000766,0.000787,0.000766,0.000786,441.9
1558681200,1558684799,0.000789,0.000797,0.000789,0.000793,1755.4
1558684800,1558688399,0.000792,0.000796,0.000789,0.000791,823.1
1558688400,1558691999,0.000788,0.000788,0.000786,0.000786,74.0
1558692000,1558695599,0.000786,0.000791,0.000786,0.000791,327.7
1558695600,1558699199,0.000792,0.000801,0.000792,0.0008,1225.5
1558699200,1558702799,0.000797,0.000798,0.000794,0.000797,355.4
1558702800,1558706399,0.000797,0.0008,0.000795,0.000798,1177.6
1558706400,1558709999,0.000798,0.000802,0.000798,0.000801,2295.3
1558710000,1558713599,0.000801,0.000802,0.000795,0.000795,1955.1
1558713600,1558717199,0.000796,0.000799,0.000796,0.000797,151.2
1558717200,1558720799,0.000798,0.000803,0.000797,0.0008,2608.5
1558720800,1558724399,0.000803,0.000806,0.000802,0.000806,52.3
1558724400,1558727999,0.000806,0.000806,0.0008,0.0008,58.1
1558728000,1558731599,0.000804,0.000812,0.000804,0.000812,845.7
1558731600,1558735199,0.000813,0.000813,0.000804,0.000807,187.2
1558735200,1558738799,0.000806,0.000806,0.000804,0.000804,24.6
1558738800,1558742399,0.000802,0.000802,0.000797,0.0008,276.2
1558742400,1558745999,0.000799,0.000801,0.000799,0.0008,488.5
1558746000,1558749599,0.0008,0.000804,0.0008,0.000803,39.1
1558749600,1558753199,0.000804,0.000805,0.000803,0.000805,1007.3
1558753200,1558756799,0.000805,0.000813,0.000805,0.000811,140.3
1558756800,1558760399,0.000812,0.000812,0.000811,0.000811,65.4
1558760400,1558763999,0.000805,0.000806,0.000805,0.000806,152.8
1558764000,1558767599,0.000805,0.000807,0.000802,0.000802,41.7
1558767600,1558771199,0.000804,0.000807,0.000804,0.000807,73.0
1558771200,1558774799,0.000806,0.000806,0.000804,0.000806,165.8
1558774800,1558778399,0.000804,0.000807,0.000804,0.000805,273.9
1558778400,1558781999,0.000804,0.000804,0.000801,0.000801,91.4
1558782000,1558785599,0.0008,0.000801,0.000798,0.000799,381.0
1558785600,1558789199,0.0008,0.0008,0.000797,0.000798,453.1
1558789200,1558792799,0.000797,0.000797,0.000788,0.000791,6106.1
1558792800,1558796399,0.00079,0.000792,0.00079,0.000792,2721.0
1558796400,1558799999,0.000792,0.000793,0.000791,0.000793,1365.3
